{
    "mse": 1.481651376146789,
    "avg_fps": 12.188073394495413
}