{
    "mse": 0.3103448275862069,
    "avg_fps": 7.994252873563219,
    "stdev_fps": 3.1650130837136206
}